-- Adminer 4.8.1 MySQL 8.0.42-0ubuntu0.20.04.1 dump

SET NAMES utf8;
SET time_zone = '+00:00';
SET foreign_key_checks = 0;
SET sql_mode = 'NO_AUTO_VALUE_ON_ZERO';

SET NAMES utf8mb4;

DROP TABLE IF EXISTS `clinical_stages`;
CREATE TABLE `clinical_stages` (
  `stage_id` int NOT NULL AUTO_INCREMENT,
  `stage_name` varchar(50) COLLATE utf8mb4_unicode_ci NOT NULL,
  PRIMARY KEY (`stage_id`)
) ENGINE=InnoDB DEFAULT CHARSET=utf8mb4 COLLATE=utf8mb4_unicode_ci;

INSERT INTO `clinical_stages` (`stage_id`, `stage_name`) VALUES
(1,	'Minor'),
(2,	'Mild'),
(3,	'Moderate'),
(4,	'Severe');

DROP TABLE IF EXISTS `compounds`;
CREATE TABLE `compounds` (
  `compound_id` int NOT NULL AUTO_INCREMENT,
  `compound_name` varchar(100) COLLATE utf8mb4_unicode_ci NOT NULL,
  `pubchem_id` varchar(20) COLLATE utf8mb4_unicode_ci DEFAULT NULL,
  `compound_IUPAC` longtext COLLATE utf8mb4_unicode_ci NOT NULL,
  PRIMARY KEY (`compound_id`)
) ENGINE=InnoDB DEFAULT CHARSET=utf8mb4 COLLATE=utf8mb4_unicode_ci;

INSERT INTO `compounds` (`compound_id`, `compound_name`, `pubchem_id`, `compound_IUPAC`) VALUES
(1,	'Curcumin',	'969516',	'(1E,6E)-1,7-bis(4-hydroxy-3-methoxyphenyl)hepta-1,6-diene-3,5-dione'),
(2,	'Omega-3 Fatty Acids',	'446284',	'(4Z,7Z,10Z,13Z,16Z,19Z)-docosa-4,7,10,13,16,19-hexaenoic acid'),
(3,	'Quercetin',	'5280343',	'2-(3,4-dihydroxyphenyl)-3,5,7-trihydroxy-4H-chromen-4-one'),
(4,	'Glucosamine',	'439213',	'(3R,4R,5S,6R)-3-amino-6-(hydroxymethyl)oxane-2,4,5-triol'),
(5,	'Chondroitin Sulfate',	'24766',	'[(2R,3R,4S,5R,6R)-5-acetamido-6-[(1S,2R,3R,4R)-2,3,4-trihydroxy-1-(hydroxymethyl)butyl]oxy-4-hydroxy-2-(hydroxymethyl)oxan-3-yl] hydrogen sulfate'),
(6,	'Collagen',	'6913667',	'2-amino-3-(1H-imidazol-5-yl)propanoic acid'),
(7,	'Vitamin C',	'54670067',	'(5R)-[(1S)-1,2-dihydroxyethyl]-3,4-dihydroxyfuran-2(5H)-one'),
(8,	'Vitamin D3',	'5280795',	'(3S,5Z,7E)-9,10-secocholesta-5,7,10(19)-trien-3-ol'),
(9,	'Gingerol',	'442793',	'(5S)-5-hydroxy-1-(4-hydroxy-3-methoxyphenyl)decan-3-one'),
(10,	'Resveratrol',	'445154',	'5-[(E)-2-(4-hydroxyphenyl)ethenyl]benzene-1,3-diol'),
(11,	'Boswellic Acid',	'168928',	'(4aR,6aS,6bR,9R,11aR,12S,12aR,14bS)-9-hydroxy-4,4,6a,6b,11a,12,14b-heptamethyl-2,4a,5,6,7,8,9,10,11,12a,13,14-dodecahydropicene-3,12-dicarboxylic acid'),
(12,	'Collagen Peptides',	'161323016',	'Gly-Pro-Hyp'),
(13,	'MSM',	'6213',	'dimethyl sulfone'),
(14,	'Hyaluronic Acid',	'24759',	'[(2R,3S,4S,5R,6R)-6-[(2S,3R,4R,5S,6R)-3-acetamido-2-[(2S,3R,4S,5R,6R)-3,5-dihydroxy-6-(hydroxymethyl)-4-[(2S,3R,4R,5R,6R)-3,4,5-trihydroxy-6-(hydroxymethyl)oxan-2-yl]oxyoxan-2-yl]oxy-5-hydroxy-6-(hydroxymethyl)oxan-4-yl]oxy-3,4,5-trihydroxyoxan-2-yl]methyl hydrogen sulfate'),
(15,	'Bromelain',	'439285',	'Enzyme complex from pineapple stems'),
(16,	'Turmeric Extract',	'124072210',	'Mixture of curcuminoids'),
(17,	'Green Tea Extract',	'65064',	'Mixture of polyphenols'),
(18,	'Avocado Soybean Unsaponifiables',	'24721025',	'Mixture of avocado and soybean oils'),
(19,	'Devil\'s Claw',	'114900',	'Harpagoside'),
(20,	'Rosehip',	'53208308',	'Galactolipids');

DROP TABLE IF EXISTS `countries`;
CREATE TABLE `countries` (
  `country_id` int NOT NULL AUTO_INCREMENT,
  `country_name` varchar(100) COLLATE utf8mb4_unicode_ci NOT NULL,
  `iso_code` char(2) COLLATE utf8mb4_unicode_ci DEFAULT NULL,
  `region` varchar(50) COLLATE utf8mb4_unicode_ci DEFAULT NULL,
  PRIMARY KEY (`country_id`)
) ENGINE=InnoDB DEFAULT CHARSET=utf8mb4 COLLATE=utf8mb4_unicode_ci;

INSERT INTO `countries` (`country_id`, `country_name`, `iso_code`, `region`) VALUES
(1,	'United States',	'US',	'North America'),
(2,	'India',	'IN',	'Asia'),
(3,	'Japan',	'JP',	'Asia'),
(4,	'Norway',	'NO',	'Europe'),
(5,	'Italy',	'IT',	'Europe'),
(6,	'Brazil',	'BR',	'South America'),
(7,	'China',	'CN',	'Asia'),
(8,	'Australia',	'AU',	'Oceania'),
(9,	'South Africa',	'ZA',	'Africa'),
(10,	'Mexico',	'MX',	'North America'),
(11,	'Canada',	'CA',	'North America'),
(12,	'United Kingdom',	'GB',	'Europe'),
(13,	'Germany',	'DE',	'Europe'),
(14,	'France',	'FR',	'Europe'),
(15,	'Spain',	'ES',	'Europe'),
(16,	'Thailand',	'TH',	'Asia'),
(17,	'Vietnam',	'VN',	'Asia'),
(18,	'South Korea',	'KR',	'Asia'),
(19,	'Greece',	'GR',	'Europe'),
(20,	'Turkey',	'TR',	'Asia'),
(21,	'Egypt',	'EG',	'Africa'),
(22,	'Nigeria',	'NG',	'Africa'),
(23,	'Argentina',	'AR',	'South America'),
(24,	'Chile',	'CL',	'South America'),
(25,	'Peru',	'PE',	'South America'),
(26,	'Morocco',	'MA',	'Africa'),
(27,	'New Zealand',	'NZ',	'Oceania'),
(28,	'Sweden',	'SE',	'Europe'),
(29,	'Finland',	'FI',	'Europe'),
(30,	'Netherlands',	'NL',	'Europe');

DROP TABLE IF EXISTS `food_sources`;
CREATE TABLE `food_sources` (
  `id` int NOT NULL AUTO_INCREMENT,
  `food_name` varchar(255) COLLATE utf8mb4_unicode_ci NOT NULL,
  `description` text COLLATE utf8mb4_unicode_ci,
  `nutritional_info` json DEFAULT NULL,
  `created_at` timestamp NULL DEFAULT CURRENT_TIMESTAMP,
  PRIMARY KEY (`id`),
  UNIQUE KEY `food_name` (`food_name`)
) ENGINE=InnoDB DEFAULT CHARSET=utf8mb4 COLLATE=utf8mb4_unicode_ci;


DROP TABLE IF EXISTS `molecular_models`;
CREATE TABLE `molecular_models` (
  `model_id` int NOT NULL AUTO_INCREMENT,
  `model_name` varchar(50) COLLATE utf8mb4_unicode_ci NOT NULL,
  `pdb_id` varchar(10) COLLATE utf8mb4_unicode_ci DEFAULT NULL,
  `file_path` varchar(255) COLLATE utf8mb4_unicode_ci DEFAULT NULL,
  `resolution` float DEFAULT NULL,
  PRIMARY KEY (`model_id`)
) ENGINE=InnoDB DEFAULT CHARSET=utf8mb4 COLLATE=utf8mb4_unicode_ci;

INSERT INTO `molecular_models` (`model_id`, `model_name`, `pdb_id`, `file_path`, `resolution`) VALUES
(1,	'MMP-13 Complex',	'456M',	'/models/456m.pdb',	2.1),
(2,	'COX-2 Inhibitor',	'5KIR',	'/models/5kir.pdb',	1.8),
(3,	'Collagen II',	'1AQD',	'/models/1aqd.pdb',	2.5),
(4,	'TNF-alpha',	'5TSW',	'/models/5tsw.pdb',	2.3),
(5,	'Curcumin-Bound',	'6J20',	'/models/6j20.pdb',	2),
(6,	'VEGF Receptor',	'3V2A',	'/models/3v2a.pdb',	1.9),
(7,	'NF-kB Complex',	'1NFK',	'/models/1nfk.pdb',	2.7),
(8,	'IL-1 Beta',	'9ILB',	'/models/9ilb.pdb',	2.4),
(9,	'Hyaluronan Synthase',	'6J6Z',	'/models/6j6z.pdb',	3.1),
(10,	'Aggrecan Core',	'1TDQ',	'/models/1tdq.pdb',	2.8),
(11,	'MMP-13 Complex',	'456M',	'/models/456m.pdb',	2.1),
(12,	'COX-2 Inhibitor',	'5KIR',	'/models/5kir.pdb',	1.8),
(13,	'Collagen II',	'1AQD',	'/models/1aqd.pdb',	2.5),
(14,	'TNF-alpha',	'5TSW',	'/models/5tsw.pdb',	2.3),
(15,	'Curcumin-Bound',	'6J20',	'/models/6j20.pdb',	2),
(16,	'VEGF Receptor',	'3V2A',	'/models/3v2a.pdb',	1.9),
(17,	'NF-kB Complex',	'1NFK',	'/models/1nfk.pdb',	2.7),
(18,	'IL-1 Beta',	'9ILB',	'/models/9ilb.pdb',	2.4),
(19,	'Hyaluronan Synthase',	'6J6Z',	'/models/6j6z.pdb',	3.1),
(20,	'Aggrecan Core',	'1TDQ',	'/models/1tdq.pdb',	2.8);

DROP TABLE IF EXISTS `organism_food_mapping`;
CREATE TABLE `organism_food_mapping` (
  `id` int NOT NULL AUTO_INCREMENT,
  `organism_id` int NOT NULL,
  `food_source_id` int NOT NULL,
  `relevance_score` decimal(3,2) DEFAULT '1.00',
  `created_at` timestamp NULL DEFAULT CURRENT_TIMESTAMP,
  PRIMARY KEY (`id`),
  UNIQUE KEY `unique_organism_food` (`organism_id`,`food_source_id`),
  KEY `food_source_id` (`food_source_id`),
  CONSTRAINT `organism_food_mapping_ibfk_1` FOREIGN KEY (`organism_id`) REFERENCES `organisms` (`organism_id`) ON DELETE CASCADE,
  CONSTRAINT `organism_food_mapping_ibfk_2` FOREIGN KEY (`food_source_id`) REFERENCES `food_sources` (`id`) ON DELETE CASCADE
) ENGINE=InnoDB DEFAULT CHARSET=utf8mb4 COLLATE=utf8mb4_unicode_ci;


DROP TABLE IF EXISTS `organism_ratings`;
CREATE TABLE `organism_ratings` (
  `id` int NOT NULL AUTO_INCREMENT,
  `organism_id` int NOT NULL,
  `rating` int NOT NULL,
  `review` text COLLATE utf8mb4_unicode_ci,
  `reviewer_name` varchar(255) COLLATE utf8mb4_unicode_ci DEFAULT 'Anonymous',
  `reviewer_email` varchar(255) CHARACTER SET utf8mb4 COLLATE utf8mb4_unicode_ci DEFAULT 'Anonymous',
  `created_at` timestamp NULL DEFAULT CURRENT_TIMESTAMP,
  `updated_at` timestamp NULL DEFAULT CURRENT_TIMESTAMP ON UPDATE CURRENT_TIMESTAMP,
  PRIMARY KEY (`id`),
  KEY `organism_id` (`organism_id`),
  CONSTRAINT `organism_ratings_ibfk_1` FOREIGN KEY (`organism_id`) REFERENCES `organisms` (`organism_id`) ON DELETE CASCADE,
  CONSTRAINT `organism_ratings_chk_1` CHECK (((`rating` >= 1) and (`rating` <= 5)))
) ENGINE=InnoDB DEFAULT CHARSET=utf8mb4 COLLATE=utf8mb4_unicode_ci;

INSERT INTO `organism_ratings` (`id`, `organism_id`, `rating`, `review`, `reviewer_name`, `reviewer_email`, `created_at`, `updated_at`) VALUES
(1,	6,	4,	'fsdfsdfsdf',	'Anonymous',	'Anonymous',	'2025-07-02 11:18:12',	'2025-07-02 11:18:12'),
(2,	6,	4,	'dsfff',	'Anonymous',	'Anonymous',	'2025-07-02 11:34:26',	'2025-07-02 11:34:26'),
(3,	1,	4,	'',	'Anonymous',	'Anonymous',	'2025-07-02 11:43:18',	'2025-07-02 11:43:18'),
(4,	1,	3,	'',	'Anonymous',	'Anonymous',	'2025-07-02 11:43:39',	'2025-07-02 11:43:39'),
(5,	2,	4,	'asdfasdfasdfasdf',	'samad',	'samadocpl@gmail.com',	'2025-07-02 11:53:40',	'2025-07-02 11:53:40'),
(6,	2,	5,	'good',	'',	'',	'2025-07-02 12:07:49',	'2025-07-02 12:07:49'),
(7,	19,	4,	'ffffffffffffffffffffffffffff',	'',	'',	'2025-07-02 14:26:46',	'2025-07-02 14:26:46'),
(8,	11,	4,	'',	'',	'',	'2025-07-02 15:16:33',	'2025-07-02 15:16:33'),
(9,	34,	4,	'd',	'n',	'd',	'2025-07-02 15:30:35',	'2025-07-02 15:30:35');

DROP TABLE IF EXISTS `organisms`;
CREATE TABLE `organisms` (
  `organism_id` int NOT NULL AUTO_INCREMENT,
  `organism_name` varchar(150) CHARACTER SET utf8mb4 COLLATE utf8mb4_unicode_ci DEFAULT NULL,
  `organism_type` enum('natural','processed') COLLATE utf8mb4_unicode_ci DEFAULT NULL,
  PRIMARY KEY (`organism_id`)
) ENGINE=InnoDB DEFAULT CHARSET=utf8mb4 COLLATE=utf8mb4_unicode_ci;

INSERT INTO `organisms` (`organism_id`, `organism_name`, `organism_type`) VALUES
(1,	'Curcuma longa',	'natural'),
(2,	'Salmo salar',	'natural'),
(3,	'Brassica oleracea var. italica',	'natural'),
(4,	'Penaeus spp.',	'natural'),
(5,	'Squalus acanthias',	'natural'),
(6,	'Citrus × sinensis',	'natural'),
(7,	'N/A',	'natural'),
(8,	'Zingiber officinale',	'natural'),
(9,	'Vitis vinifera',	'natural'),
(10,	'Boswellia serrata',	'natural'),
(11,	'Bos taurus',	'processed'),
(12,	'Gallus gallus',	'processed'),
(13,	'Ananas comosus',	'natural'),
(14,	'Camellia sinensis',	'processed'),
(15,	'Persea americana',	'natural'),
(16,	'Glycine max',	'natural'),
(17,	'Theobroma cacao',	'natural'),
(18,	'Rosa canina',	'natural'),
(19,	'Engraulis encrasicolus',	'natural'),
(20,	'Scomber scombrus',	'natural'),
(21,	'Sardina pilchardus',	'natural'),
(22,	'Euphausia superba',	'natural'),
(23,	'Gadus morhua',	'natural'),
(24,	'Gallus gallus',	'processed'),
(25,	'Mixed sources',	'processed'),
(26,	'Fermented milk',	'processed'),
(27,	'Fermented vegetables',	'processed'),
(28,	'Fermented cabbage',	'processed'),
(29,	'Fermented tea',	'processed'),
(30,	'Fermented soy',	'processed'),
(31,	'Fermented soy',	'processed'),
(32,	'Fermented soy',	'processed'),
(33,	'Fermented milk',	'processed'),
(34,	'Vaccinium corymbosum',	'natural'),
(35,	'Spinacia oleracea',	'natural'),
(36,	'Brassica oleracea var. sabellica',	'natural'),
(37,	'Prunus dulcis',	'natural'),
(38,	'Juglans regia',	'natural'),
(39,	'Salvia hispanica',	'natural'),
(40,	'Linum usitatissimum',	'natural'),
(41,	'Prunus avium',	'natural'),
(42,	'Punica granatum',	'natural'),
(43,	'Olea europaea',	'processed'),
(44,	'Allium sativum',	'natural'),
(45,	'Allium cepa',	'natural'),
(46,	'Cinnamomum verum',	'natural'),
(47,	'Piper nigrum',	'natural'),
(48,	'Theobroma cacao',	'processed'),
(49,	'Vitis vinifera',	'processed'),
(50,	'Aconitum pseudohuiliense',	NULL),
(51,	'Aconitum sachalinense',	NULL),
(52,	'Actinopyga agassizi',	NULL),
(53,	'Alangium premnifolium',	NULL),
(54,	'Alcyonium molle',	NULL),
(55,	'Alstonia deplanchei',	NULL),
(56,	'Amanita cokeri',	NULL),
(57,	'Angelica tarokoensis',	NULL),
(58,	'Aplidium tabascum',	NULL),
(59,	'Aplophyllum popovii',	NULL),
(60,	'Arachis hypogaea',	NULL),
(61,	'Arcyria denudata',	NULL),
(62,	'Areca catechu',	NULL),
(63,	'Aster bellidiastrum',	NULL),
(64,	'Asteriscus graveolens',	NULL),
(65,	'Baccharis megapotamica',	NULL),
(66,	'Bombax ceiba',	NULL),
(67,	'Bombus muscorum',	NULL),
(68,	'Bragantia wallichii',	NULL),
(69,	'Cacalia bicolor',	NULL),
(70,	'Campsiandra guayanensis',	NULL),
(71,	'Centrosema pascuorum',	NULL),
(72,	'Ceratozamia fuscoviridis',	NULL),
(73,	'Chromatium okenii',	NULL),
(74,	'Citrus glauca',	NULL),
(75,	'Codium decorticatum',	NULL),
(76,	'Cola acuminata',	NULL),
(77,	'Colobocentrotus atratus',	NULL),
(78,	'Critonia quadrangularis',	NULL),
(79,	'Cryptotermes cynocephalus',	NULL),
(80,	'Dacrydium fonki',	NULL),
(81,	'Delphinium andersoni',	NULL),
(82,	'Diphasia angolensis',	NULL),
(83,	'Dolomiaea souliei',	NULL),
(84,	'Ecdysanthera utilis',	NULL),
(85,	'Epimedium davidii',	NULL),
(86,	'Erigeron crispus',	NULL),
(87,	'Erysimum odoratum',	NULL),
(88,	'Eucalyptus camaldulensis',	NULL),
(89,	'Eupatorium gracile',	NULL),
(90,	'Eupolyphaga sinensis',	NULL),
(91,	'Eutypella scoparia',	NULL),
(92,	'Feretia apodanthera',	NULL),
(93,	'Ficus simplicissima',	NULL),
(94,	'Flemingia congesta',	NULL),
(95,	'Fomes cajanderi',	NULL),
(96,	'Frullania tamarisci',	NULL),
(97,	'Galenia africana',	NULL),
(98,	'Galeopsis bifida',	NULL),
(99,	'Garcinia mangostana',	NULL),
(100,	'Globba malaccensis',	NULL),
(101,	'Gnidia lamprantha',	NULL),
(102,	'Halimodendron halodendron',	NULL),
(103,	'Haplophyllum dauricum',	NULL),
(104,	'Heterotheca inuloides',	NULL),
(105,	'Ilex amara',	NULL),
(106,	'Isodon japonicus',	NULL),
(107,	'Knightia excelsa',	NULL),
(108,	'Laurencia distichophylla',	NULL),
(109,	'Lecanora planaica',	NULL),
(110,	'Leonurus glaucescens',	NULL),
(111,	'Lepidium draba',	NULL),
(112,	'Leptogorgia sarmentosa',	NULL),
(113,	'Lonicera hypoleuca',	NULL),
(114,	'Maba buxifolia',	NULL),
(115,	'Marrubium supinum',	NULL),
(116,	'Metalasia bolusii',	NULL),
(117,	'Micromeria pineolens',	NULL),
(118,	'Myelochroa aurulenta',	NULL),
(119,	'Nemalion vermiculare',	NULL),
(120,	'Nicotiana sylvestris',	NULL),
(121,	'Nidula candida',	NULL),
(122,	'Ophiocoma scolopendrina',	NULL),
(123,	'Orthosphenia mexicana',	NULL),
(124,	'Oxyanthus speciosus',	NULL),
(125,	'Penicillium citreonigrum',	NULL),
(126,	'Poria selecta',	NULL),
(127,	'Pseudocyphellaria impressa',	NULL),
(128,	'Pterospermum heyneanum',	NULL),
(129,	'Quercus dentata',	NULL),
(130,	'Quercus sessiliflora',	NULL),
(131,	'Relhania pumila',	NULL),
(132,	'Rheum tanguticum',	NULL),
(133,	'Rhinoceros sondaicus',	NULL),
(134,	'Salacia madagascariensis',	NULL),
(135,	'Salacia prinoides',	NULL),
(136,	'Salmonella enterica subsp. enterica serovar typhimurium',	NULL),
(137,	'Saussurea carthamoides',	NULL),
(138,	'Scleronephthya pallida',	NULL),
(139,	'Senecio latifolius',	NULL),
(140,	'Senecio rivularis',	NULL),
(141,	'Senecio vellereus',	NULL),
(142,	'Serjania marginata',	NULL),
(143,	'Serpocaulon triseriale',	NULL),
(144,	'Solanum acaule',	NULL),
(145,	'Solanum elaeagnifolium',	NULL),
(146,	'Spodoptera eridania',	NULL),
(147,	'Stevia mercedensis',	NULL),
(148,	'Streptomyces alboniger',	NULL),
(149,	'Streptomyces griseovariabilis',	NULL),
(150,	'Streptomyces xantholiticus',	NULL),
(151,	'Strychnos tabascana',	NULL),
(152,	'Styrax perkinsiae',	NULL),
(153,	'Swertia delavayi',	NULL),
(154,	'Swinglea glutinosa',	NULL),
(155,	'Symploca hydnoides',	NULL),
(156,	'Theobroma cacao',	NULL),
(157,	'Thuja standishii',	NULL),
(158,	'Torilis scabra',	NULL),
(159,	'Trametes cinnabarina',	NULL),
(160,	'Vaccinium vitis-idaea',	NULL),
(161,	'Vallota purpurea',	NULL),
(162,	'Verbesina rupestris',	NULL),
(163,	'Vismia jefensis',	NULL),
(164,	'Wibelia divaricata',	NULL),
(165,	'Theobroma cacao',	NULL),
(166,	'Isodon rubescens',	NULL),
(167,	'Mentha arvensis',	NULL),
(168,	'Mentha canadensis',	NULL),
(169,	'Salvia miltiorrhiza',	NULL),
(170,	'Litchi chinensis Sonn',	NULL),
(171,	'Rumex acetosa',	NULL),
(172,	'Plantago ovata',	NULL),
(173,	'Peumus boldus',	NULL),
(174,	'Angelica keiskei',	NULL),
(175,	'Gouania tomentosa',	NULL),
(176,	'Salvia bowleyana',	NULL),
(177,	'Salvia cavaleriei',	NULL),
(178,	'Salvia prionitis',	NULL),
(179,	'Spongia vermicularis',	NULL),
(180,	'Zingiber officinale',	NULL),
(181,	'Arctium lappa',	NULL),
(182,	'anatidae',	NULL),
(183,	'Gallus gallus',	NULL),
(184,	'Sus scrofa domestica',	NULL),
(185,	'Centaurea americana',	NULL),
(186,	'buckthorn pomace',	NULL),
(187,	'Anethum graveolens',	NULL),
(188,	'Foeniculum vulgare',	NULL),
(189,	'Allium cepa L.',	NULL),
(190,	'Origanum vulgare',	NULL),
(191,	'Aconitum pseudohuiliense',	NULL),
(192,	'Aconitum sachalinense',	NULL),
(193,	'Alcyonium molle',	NULL),
(194,	'Alstonia deplanchei',	NULL),
(195,	'Amanita cokeri',	NULL),
(196,	'Aplophyllum popovii',	NULL),
(197,	'Asteriscus graveolens',	NULL),
(198,	'Baccharis megapotamica',	NULL),
(199,	'Bombus muscorum',	NULL),
(200,	'Cacalia bicolor',	NULL),
(201,	'Centrosema pascuorum',	NULL),
(202,	'Ceratozamia fuscoviridis',	NULL),
(203,	'Citrus glauca',	NULL),
(204,	'Codium decorticatum',	NULL),
(205,	'Critonia quadrangularis',	NULL),
(206,	'Cryptotermes cynocephalus',	NULL),
(207,	'Dacrydium fonki',	NULL),
(208,	'Erigeron crispus',	NULL),
(209,	'Eupatorium gracile',	NULL),
(210,	'Ficus simplicissima',	NULL),
(211,	'Flemingia congesta',	NULL),
(212,	'Fomes cajanderi',	NULL),
(213,	'Haplophyllum dauricum',	NULL),
(214,	'Lecanora planaica',	NULL),
(215,	'Marrubium supinum',	NULL),
(216,	'Metalasia bolusii',	NULL),
(217,	'Orthosphenia mexicana',	NULL),
(218,	'Oxyanthus speciosus',	NULL),
(219,	'Pseudocyphellaria impressa',	NULL),
(220,	'Quercus dentata',	NULL),
(221,	'Relhania pumila',	NULL),
(222,	'Rheum tanguticum',	NULL),
(223,	'Rhinoceros sondaicus',	NULL),
(224,	'Salacia prinoides',	NULL),
(225,	'Salmonella enterica subsp. enterica serovar typhimurium',	NULL),
(226,	'Senecio latifolius',	NULL),
(227,	'Senecio rivularis',	NULL),
(228,	'Solanum elaeagnifolium',	NULL),
(229,	'Stevia mercedensis',	NULL),
(230,	'Streptomyces xantholiticus',	NULL),
(231,	'Strychnos tabascana',	NULL),
(232,	'Styrax perkinsiae',	NULL),
(233,	'Swinglea glutinosa',	NULL),
(234,	'Symploca hydnoides',	NULL),
(235,	'Thuja standishii',	NULL),
(236,	'Verbesina rupestris',	NULL),
(237,	'Alangium longiflorum',	NULL),
(238,	'Anemarrhena asphodeloides',	NULL),
(239,	'Athrotaxis selaginoides',	NULL),
(240,	'Boletus fomentarius',	NULL),
(241,	'Calceolaria petiolaris',	NULL),
(242,	'Capparis spinosa',	NULL),
(243,	'Cephalotaxus fortunei',	NULL),
(244,	'Cephalotaxus harringtonia',	NULL),
(245,	'Cephalotaxus koreana',	NULL),
(246,	'Cycas spp.',	NULL),
(247,	'Dacrydium sp.',	NULL),
(248,	'Dacrydium spp.',	NULL),
(249,	'Dictyostelium mucoroides',	NULL),
(250,	'Dioon spp.',	NULL),
(251,	'Elateriospermum tapos',	NULL),
(252,	'Epimedium koreanum',	NULL),
(253,	'Equisetum hyemale',	NULL),
(254,	'Falcatifolium spp.',	NULL),
(255,	'Ginkgo biloba',	NULL),
(256,	'Halocarpus spp.',	NULL),
(257,	'Herba selaginellae doederleinii',	NULL),
(258,	'Leucopaxillus cerealis',	NULL),
(259,	'Maianthemum atropurpureum',	NULL),
(260,	'Metasequoia glyptostroboides Hu et Cheng.',	NULL),
(261,	'Ophiocordyceps sinensis',	NULL),
(262,	'Papaver strigosum',	NULL),
(263,	'Podocarpus gracilior',	NULL),
(264,	'Ptilocaulis walpersi',	NULL),
(265,	'Rheum tataricum',	NULL),
(266,	'Rosa americana',	NULL),
(267,	'Selaginella braunii',	NULL),
(268,	'Selaginella moellendorffii',	NULL),
(269,	'Selaginella moellendorfii',	NULL),
(270,	'Selaginella sanguinolenta',	NULL),
(271,	'Selaginella stauntonianum',	NULL),
(272,	'Taxus baccata',	NULL),
(273,	'Taxus canadensis',	NULL),
(274,	'Taxus cuspidata',	NULL),
(275,	'Taxus wallichiana',	NULL),
(276,	'Taxus wallichiana var. chinensis',	NULL),
(277,	'Taxus wallichini',	NULL),
(278,	'Torreya nucifera',	NULL),
(279,	'Trichophyton megnini',	NULL),
(280,	'Zamia angustifolia',	NULL),
(281,	'Morus alba',	NULL),
(282,	'Morus sp.',	NULL),
(283,	'Humulus japonicus',	NULL),
(284,	'Pisolithus tinctorius',	NULL),
(285,	'Xerocomus badius',	NULL),
(286,	'Fagopyrum esculentum',	NULL),
(287,	'Asparagus officinalis',	NULL),
(288,	'Ruta graveolens',	NULL),
(289,	'Anchusa officinalis',	NULL),
(290,	'Arnebia euchroma',	NULL),
(291,	'Arnebia guttata',	NULL),
(292,	'Clerodendranthus spicatus',	NULL),
(293,	'Echium vulgare',	NULL),
(294,	'Lithospermum erythrorhizon',	NULL),
(295,	'Lithospermum officinale',	NULL),
(296,	'Lithospermum ruderale',	NULL),
(297,	'Lycopus europaeus',	NULL),
(298,	'Lycopus virginicus',	NULL),
(299,	'Salvia przewalskii',	NULL),
(300,	'Symphytum officinale',	NULL),
(301,	'Tournefortia sarmentosa',	NULL),
(302,	'Fallopia multiflora',	NULL),
(303,	'Annona reticulata',	NULL),
(304,	'Camellia sinensis',	NULL),
(305,	'Cydonia oblonga',	NULL),
(306,	'Malus pumila',	NULL),
(307,	'Mespilus germanica',	NULL),
(308,	'Prunus avium',	NULL),
(309,	'Prunus domestica',	NULL),
(310,	'Prunus persica',	NULL),
(311,	'Pyrus communis',	NULL),
(312,	'Vicia faba',	NULL),
(313,	'Bison bison',	NULL),
(314,	'Sus scrofa',	NULL),
(315,	'Bubalus bubalis',	NULL),
(316,	'Odocoileus',	NULL),
(317,	'Angelica archangelica',	NULL),
(318,	'Lonchocarpus neuroscapha',	NULL),
(319,	'Glycyrrhiza glabra',	NULL),
(320,	'Annona squamosa',	NULL),
(321,	'Raphanus sativus',	NULL),
(322,	'Glycyrrhiza inflata',	NULL),
(323,	'Amorpha fruticosa',	NULL),
(324,	'Amorpha fruticosa L.',	NULL),
(325,	'Artocarpus communis',	NULL),
(326,	'Artocarpus nobilis',	NULL),
(327,	'Desmodium tortuosum',	NULL),
(328,	'Epichloe festucae var. lolii',	NULL),
(329,	'Eucalyptus amplifolia',	NULL),
(330,	'Grateloupia carnosa',	NULL),
(331,	'Lespedeza cyrtobotrya',	NULL),
(332,	'Paeonia rockii',	NULL),
(333,	'Papaver pavoninum',	NULL),
(334,	'Salvia calycina',	NULL),
(335,	'Teucrium betonicum',	NULL),
(336,	'Artocarpus altilis',	NULL),
(337,	'Baeckea frutescens',	NULL),
(338,	'Hyptis suaveolens',	NULL),
(339,	'Phaseolus vulgaris L',	NULL),
(340,	'Alcoholic beverages',	NULL),
(341,	'Piper nigrum',	NULL),
(342,	'Aesculus hippocastanum',	NULL),
(343,	'Arachis hypogaea',	NULL),
(344,	'Cola acuminata',	NULL),
(345,	'Garcinia mangostana',	NULL),
(346,	'Vaccinium vitis-idaea',	NULL),
(347,	'Glycyrrhiza uralensis',	NULL),
(348,	'Lentinus tigrinus',	NULL),
(349,	'Mitracarpus scaber',	NULL),
(350,	'Sophora secundiflora',	NULL),
(351,	'Zea mays',	NULL),
(352,	'Crocynia membranacea',	NULL),
(353,	'Dysidea robusta',	NULL),
(354,	'Erythrina burttii',	NULL),
(355,	'Erythrina eriotricha',	NULL),
(356,	'Erythrina eriotriocha',	NULL),
(357,	'Erythrina lysistemon',	NULL),
(358,	'Erythrina mildbraedii',	NULL),
(359,	'Erythrina stricta',	NULL),
(360,	'Erythrina subumbrans',	NULL),
(361,	'Erythrina zeyheri',	NULL),
(362,	'Indigofera oblongifolia',	NULL),
(363,	'Lespedeza floribunda',	NULL),
(364,	'Lomatia longifolia',	NULL),
(365,	'Pandanus veitchi',	NULL),
(366,	'Pertusaria albescens',	NULL),
(367,	'Phaseolus lunatus',	NULL),
(368,	'Artocarpus heterophyllus',	NULL),
(369,	'Broussonetia papyrifera',	NULL),
(370,	'Morus bombycis',	NULL),
(371,	'Nicotiana tabacum',	NULL),
(372,	'Glycyrrhiza sp.',	NULL),
(373,	'Aspilia parvifolia',	NULL),
(374,	'Astragalus adsurgens',	NULL),
(375,	'Barringtonia acutangula',	NULL),
(376,	'Cheiranthus cheiri',	NULL),
(377,	'Chrozophora obliqua',	NULL),
(378,	'Corydalis densiflora',	NULL),
(379,	'Craibiodendron yunnanense',	NULL),
(380,	'Cystoseira mediterranea',	NULL),
(381,	'Dalbergia congestiflora',	NULL),
(382,	'Desmodium canadense',	NULL),
(383,	'Embelia ribes',	NULL),
(384,	'Hippophae rhamnoides',	NULL),
(385,	'Khaya grandifoliola',	NULL),
(386,	'Mabea fistulifera',	NULL),
(387,	'Napoleonaea vogelii',	NULL),
(388,	'Opuntia ficus-indica',	NULL),
(389,	'Schleichera trijuga',	NULL),
(390,	'Schultesia guianensis',	NULL),
(391,	'Sinapis arvensis',	NULL),
(392,	'Triclisia subcordata',	NULL),
(393,	'Oxytropis falcata',	NULL),
(394,	'Pueraria montana var. lobata',	NULL),
(395,	'Garcinia dulcis',	NULL),
(396,	'Ageratina dendroides',	NULL),
(397,	'Agrotis fucosa',	NULL),
(398,	'Alcea rosea',	NULL),
(399,	'Alcyonium utinomii',	NULL),
(400,	'Aldisa sanguinea',	NULL),
(401,	'Alpinia blepharocalyx',	NULL),
(402,	'Alstonia spathulata',	NULL),
(403,	'Amathia pinnata',	NULL),
(404,	'Anacystis montana',	NULL),
(405,	'Anguilla japonica',	NULL),
(406,	'Annona cornifolia',	NULL),
(407,	'Aonidiella aurantii',	NULL),
(408,	'Aplophyllum popovii',	NULL),
(409,	'Aplysina archeri',	NULL),
(410,	'Araiostegiella perdurans',	NULL),
(411,	'Artemisia assoana',	NULL),
(412,	'Aspergillus carneus',	NULL),
(413,	'Aspergillus striatus',	NULL),
(414,	'Asterospicularia laurae',	NULL),
(415,	'Astragalus sempervirens',	NULL),
(416,	'Atalantia racemosa',	NULL),
(417,	'Averrhoa carambola',	NULL),
(418,	'Balanops australiana',	NULL),
(419,	'Betula pubescens',	NULL),
(420,	'Betula spp.',	NULL),
(421,	'Bromelia plumieri',	NULL),
(422,	'Calliphora vicina',	NULL),
(423,	'Capnoides sempervirens',	NULL),
(424,	'Cassia kleinii',	NULL),
(425,	'Cassia fistula',	NULL),
(426,	'Chaenomeles speciosa',	NULL),
(427,	'Cinnamomum aromaticum',	NULL),
(428,	'Cinnamomum bejolghota',	NULL),
(429,	'Cinnamomum camphora',	NULL),
(430,	'Cola nitida',	NULL),
(431,	'Cornus kousa',	NULL),
(432,	'Cortinarius odoratus',	NULL),
(433,	'Cotoneaster spp.',	NULL),
(434,	'Crataegus pinnatifida',	NULL),
(435,	'Crataegus spp.',	NULL),
(436,	'Curarea candicans',	NULL),
(437,	'Davallia mariesii',	NULL),
(438,	'Deutzia corymbosa',	NULL),
(439,	'Dimocarpus longan',	NULL),
(440,	'Dioscorea alata',	NULL),
(441,	'Dioscorea bulbifera',	NULL),
(442,	'Diospyros kaki',	NULL),
(443,	'Ectyoplasia ferox',	NULL),
(444,	'Elatophilus hebraicus',	NULL),
(445,	'Eucalyptus camaldulensis',	NULL),
(446,	'Eudistoma bituminis',	NULL),
(447,	'Euphorbia longan',	NULL),
(448,	'Fagopyrum cymosum',	NULL),
(449,	'Gentiana germanica',	NULL),
(450,	'Gorgonocephalus caryi',	NULL),
(451,	'Griselinia littoralis',	NULL),
(452,	'Helietta longifoliata',	NULL),
(453,	'Hylocomium splendens',	NULL),
(454,	'Hypericum japonicum',	NULL),
(455,	'Hypericum perforatum',	NULL),
(456,	'Iryanthera megistophylla',	NULL),
(457,	'Larix gmelini',	NULL),
(458,	'Larix gmelinii',	NULL),
(459,	'Laurus nobilis',	NULL),
(460,	'Lens culinaris',	NULL),
(461,	'Leptogorgia sarmentosa',	NULL),
(462,	'Lonicera hypoleuca',	NULL),
(463,	'Malus spp.',	NULL),
(464,	'Maytenus aquifolium',	NULL),
(465,	'Maytenus senegalensis',	NULL),
(466,	'Melastoma malabathricum subsp. normale',	NULL),
(467,	'Melilotus tauricus',	NULL),
(468,	'Myelochroa aurulenta',	NULL),
(469,	'Pentagramma triangularis',	NULL),
(470,	'Persea americana',	NULL),
(471,	'Pholidota articulata',	NULL),
(472,	'Pinus radiata',	NULL),
(473,	'Pinus strobus',	NULL),
(474,	'Pinus sylvestris',	NULL),
(475,	'Pinus taeda',	NULL),
(476,	'Pluchea odorata',	NULL),
(477,	'Poria selecta',	NULL),
(478,	'Pseudoparmelia sphaerospora',	NULL),
(479,	'Pseudoplexaura flagellosa',	NULL),
(480,	'Punica granatum',	NULL),
(481,	'Pyrola incarnata',	NULL),
(482,	'Rhamnus lotus',	NULL),
(483,	'Rhizophora stylosa',	NULL),
(484,	'Rubus chamaemorus',	NULL),
(485,	'Rubus idaeus',	NULL),
(486,	'Scleronephthya pallida',	NULL),
(487,	'Senecio vellereus',	NULL),
(488,	'Serpocaulon triseriale',	NULL),
(489,	'Spirotropis longifolia',	NULL),
(490,	'Stevia aristata',	NULL),
(491,	'Strongylocentrotus droebachiensis',	NULL),
(492,	'Tetranthera citrata',	NULL),
(493,	'Trametes cinnabarina',	NULL),
(494,	'Uncaria gambir',	NULL),
(495,	'Uncaria macrophylla',	NULL),
(496,	'Uncaria rhynchophylla',	NULL),
(497,	'Uncaria sinensis',	NULL),
(498,	'Vaccinium macrocarpon',	NULL),
(499,	'Vigna angularis',	NULL),
(500,	'Vitis labrusca',	NULL),
(501,	'Vitis rotundifolia',	NULL),
(502,	'Wibelia divaricata',	NULL),
(503,	'Widely distributed in plant',	NULL),
(504,	'Abelia chinensis',	NULL),
(505,	'Aplophyllum alberti-regelii',	NULL),
(506,	'Asimina parviflora',	NULL),
(507,	'Atraphaxis spinosa',	NULL),
(508,	'Baccharis neglecta',	NULL),
(509,	'Cannabaceae',	NULL),
(510,	'Centaurea maculosa',	NULL),
(511,	'Chondrodendron tomentosum',	NULL),
(512,	'Clerodendrum bungei',	NULL),
(513,	'Conus mus',	NULL),
(514,	'Cordia leucocephala',	NULL),
(515,	'Dendronephthya griffini',	NULL),
(516,	'Diospyros assimilis',	NULL),
(517,	'Dolabella californica',	NULL),
(518,	'Embelia parviflora',	NULL),
(519,	'Embelia schimperi',	NULL),
(520,	'Epilobium hirsutum',	NULL),
(521,	'Eria anomala',	NULL),
(522,	'Erysimum leptophyllum',	NULL),
(523,	'Erythrina melanacantha',	NULL),
(524,	'Esenbeckia leiocarpa',	NULL),
(525,	'Euphorbia nematocypha',	NULL),
(526,	'Faramea salicifolia',	NULL),
(527,	'Gymnocalycium schickendantzii',	NULL),
(528,	'Haplophyllum obtusifolium',	NULL),
(529,	'Helichrysum tenuifolium',	NULL),
(530,	'Humulus lupulus L.',	NULL),
(531,	'Humulus lupulus cv. \'Cascade\'',	NULL),
(532,	'Hypericum styphelioides',	NULL),
(533,	'Latrunculia magnifica',	NULL),
(534,	'Lemaireocereus longispinus',	NULL),
(535,	'Libanotis buchtormensis',	NULL),
(536,	'Lycogala epidendrum',	NULL),
(537,	'Lythrum salicaria',	NULL),
(538,	'Medicago sativa',	NULL),
(539,	'Monsonia senegalensis',	NULL),
(540,	'Morella rubra',	NULL),
(541,	'Myxococcus stipitatus',	NULL),
(542,	'Onopordum acanthium',	NULL),
(543,	'Pancratium sickenbergeri',	NULL),
(544,	'Piper regnellii',	NULL),
(545,	'Planchonia grandis',	NULL),
(546,	'Plathymenia reticulata',	NULL),
(547,	'Pteridium esculentum',	NULL),
(548,	'Rhinella marina',	NULL),
(549,	'Shigella dysenteriae',	NULL),
(550,	'Simarouba glauca',	NULL),
(551,	'Siphonaria capensis',	NULL),
(552,	'Sophora angustifolia',	NULL),
(553,	'Sophora flavescens',	NULL),
(554,	'Syzygium polycephaloides',	NULL),
(555,	'Theonella conica',	NULL),
(556,	'Tricholoma columbetta',	NULL),
(557,	'Vellozia nanuzae',	NULL),
(558,	'Vernonia fagifolia',	NULL),
(559,	'Kadsura interior',	NULL),
(560,	'Schisandra arisanensis',	NULL),
(561,	'Schisandra chinensis',	NULL),
(562,	'Schisandra sphenanthera',	NULL),
(563,	'Schisandraceae',	NULL),
(564,	'Abies bifolia',	NULL),
(565,	'Acrotrema uniflorum',	NULL),
(566,	'Actinidia chinensis',	NULL),
(567,	'Actinopyga agassizi',	NULL),
(568,	'Antenoron neofiliforme',	NULL),
(569,	'Apocynum venetum',	NULL),
(570,	'Arcyria denudata',	NULL),
(571,	'Aster bellidiastrum',	NULL),
(572,	'Bombax ceiba',	NULL),
(573,	'Colobocentrotus atratus',	NULL),
(574,	'Delphinium andersoni',	NULL),
(575,	'Diphasia angolensis',	NULL),
(576,	'Dolomiaea souliei',	NULL),
(577,	'Ecdysanthera utilis',	NULL),
(578,	'Epimedium davidii',	NULL),
(579,	'Erysimum odoratum',	NULL),
(580,	'Eupolyphaga sinensis',	NULL),
(581,	'Eutypella scoparia',	NULL),
(582,	'Frangula alnus',	NULL),
(583,	'Galenia africana',	NULL),
(584,	'Globba malaccensis',	NULL),
(585,	'Gnidia lamprantha',	NULL),
(586,	'Heterotheca inuloides',	NULL),
(587,	'Ilex amara',	NULL),
(588,	'Isodon japonicus',	NULL),
(589,	'Knightia excelsa',	NULL),
(590,	'Laurencia distichophylla',	NULL),
(591,	'Leonurus glaucescens',	NULL),
(592,	'Lepidium draba',	NULL),
(593,	'Maba buxifolia',	NULL),
(594,	'Micromeria pineolens',	NULL),
(595,	'Nemalion vermiculare',	NULL),
(596,	'Nidula candida',	NULL),
(597,	'Ophiocoma scolopendrina',	NULL),
(598,	'Penicillium citreonigrum',	NULL),
(599,	'Quercus sessiliflora',	NULL),
(600,	'Salacia madagascariensis',	NULL),
(601,	'Saussurea carthamoides',	NULL),
(602,	'Solanum acaule',	NULL),
(603,	'Spodoptera eridania',	NULL),
(604,	'Streptomyces griseovariabilis',	NULL),
(605,	'Swertia delavayi',	NULL),
(606,	'Vallota purpurea',	NULL),
(607,	'Vismia jefensis',	NULL),
(608,	'Myristica fragans',	NULL),
(609,	'Myristica argentea',	NULL),
(610,	'Garcinia xanthochymus',	NULL),
(611,	'Hypericum aucheri',	NULL),
(612,	'Hypericum maculatum',	NULL),
(613,	'Hypericum scabrum',	NULL),
(614,	'Hypericum spp.',	NULL),
(615,	'Hypericum thasium',	NULL);

DROP TABLE IF EXISTS `proteins`;
CREATE TABLE `proteins` (
  `protein_id` int NOT NULL AUTO_INCREMENT,
  `protein_name` varchar(100) COLLATE utf8mb4_unicode_ci NOT NULL,
  `uniprot_id` varchar(20) COLLATE utf8mb4_unicode_ci DEFAULT NULL,
  PRIMARY KEY (`protein_id`)
) ENGINE=InnoDB DEFAULT CHARSET=utf8mb4 COLLATE=utf8mb4_unicode_ci;

INSERT INTO `proteins` (`protein_id`, `protein_name`, `uniprot_id`) VALUES
(1,	'Collagen Type II',	'P02458'),
(2,	'Aggrecan',	'P16112'),
(3,	'Matrix Metalloproteinase-13',	'P45452'),
(4,	'Interleukin-1 Beta',	'P01584'),
(5,	'TNF-alpha',	'P01375'),
(6,	'Cyclooxygenase-2',	'P35354'),
(7,	'Nitric Oxide Synthase',	'P35228'),
(8,	'Collagenase 3',	'P45452'),
(9,	'ADAMTS-5',	'Q9UNA0'),
(10,	'VEGF',	'P15692'),
(11,	'NF-kappa-B',	'Q04206'),
(12,	'Interleukin-6',	'P05231'),
(13,	'Hyaluronan Synthase 2',	'Q92819'),
(14,	'SOX9',	'P48436'),
(15,	'Cartilage Oligomeric Matrix Protein',	'P49747');

DROP TABLE IF EXISTS `research_data`;
CREATE TABLE `research_data` (
  `data_id` int NOT NULL AUTO_INCREMENT,
  `stage_id` int NOT NULL,
  `protein_id` int NOT NULL,
  `compound_id` int NOT NULL,
  `organism_id` int NOT NULL,
  `country_id` int NOT NULL,
  `model_id` int DEFAULT NULL,
  PRIMARY KEY (`data_id`),
  KEY `stage_id` (`stage_id`),
  KEY `protein_id` (`protein_id`),
  KEY `compound_id` (`compound_id`),
  KEY `organism_id` (`organism_id`),
  KEY `country_id` (`country_id`),
  KEY `model_id` (`model_id`),
  CONSTRAINT `research_data_ibfk_1` FOREIGN KEY (`stage_id`) REFERENCES `clinical_stages` (`stage_id`),
  CONSTRAINT `research_data_ibfk_2` FOREIGN KEY (`protein_id`) REFERENCES `proteins` (`protein_id`),
  CONSTRAINT `research_data_ibfk_3` FOREIGN KEY (`compound_id`) REFERENCES `compounds` (`compound_id`),
  CONSTRAINT `research_data_ibfk_4` FOREIGN KEY (`organism_id`) REFERENCES `organisms` (`organism_id`),
  CONSTRAINT `research_data_ibfk_5` FOREIGN KEY (`country_id`) REFERENCES `countries` (`country_id`),
  CONSTRAINT `research_data_ibfk_6` FOREIGN KEY (`model_id`) REFERENCES `molecular_models` (`model_id`)
) ENGINE=InnoDB DEFAULT CHARSET=utf8mb4 COLLATE=utf8mb4_unicode_ci;

INSERT INTO `research_data` (`data_id`, `stage_id`, `protein_id`, `compound_id`, `organism_id`, `country_id`, `model_id`) VALUES
(53,	1,	1,	1,	50,	2,	5),
(54,	1,	3,	2,	512,	4,	1),
(55,	1,	4,	3,	52,	1,	8),
(56,	1,	6,	4,	54,	1,	2),
(57,	1,	1,	6,	55,	1,	3),
(58,	1,	13,	14,	63,	3,	9),
(59,	2,	5,	2,	69,	10,	4),
(60,	2,	7,	3,	35,	1,	6),
(61,	2,	9,	5,	67,	16,	10),
(62,	2,	2,	18,	65,	1,	10),
(63,	2,	6,	10,	59,	9,	2),
(64,	2,	11,	1,	50,	2,	7),
(65,	3,	4,	7,	56,	1,	8),
(66,	3,	5,	8,	57,	7,	4),
(67,	3,	12,	9,	58,	2,	6),
(68,	3,	15,	11,	60,	9,	3),
(69,	3,	3,	12,	61,	12,	1),
(70,	3,	1,	13,	62,	1,	3),
(71,	4,	5,	15,	68,	18,	4),
(72,	4,	8,	16,	66,	3,	1),
(73,	4,	10,	17,	67,	20,	6),
(74,	4,	14,	19,	34,	1,	9),
(75,	4,	4,	20,	36,	1,	8),
(76,	4,	6,	1,	37,	28,	2),
(77,	1,	7,	2,	70,	4,	6),
(78,	2,	1,	6,	74,	11,	3),
(79,	3,	9,	14,	63,	1,	10),
(80,	4,	11,	10,	59,	14,	7),
(81,	1,	13,	14,	63,	3,	9),
(82,	2,	3,	4,	54,	1,	1),
(83,	3,	5,	2,	71,	24,	4),
(84,	4,	12,	3,	38,	1,	6),
(85,	1,	2,	18,	65,	1,	10),
(86,	2,	15,	11,	60,	9,	3),
(87,	3,	6,	7,	56,	1,	2),
(88,	4,	8,	16,	66,	3,	1),
(89,	1,	4,	3,	35,	1,	8),
(90,	2,	10,	17,	67,	16,	6),
(91,	3,	14,	19,	34,	1,	9),
(92,	4,	1,	13,	62,	1,	3),
(93,	1,	5,	2,	69,	10,	4),
(94,	2,	7,	3,	35,	1,	6),
(95,	3,	9,	5,	67,	16,	10),
(96,	4,	2,	18,	65,	1,	10),
(97,	1,	6,	10,	59,	9,	2),
(98,	2,	11,	1,	50,	2,	7),
(99,	3,	4,	7,	56,	1,	8),
(100,	4,	5,	8,	57,	7,	4),
(101,	1,	12,	9,	58,	2,	6),
(102,	2,	15,	11,	60,	9,	3),
(103,	3,	3,	12,	61,	12,	1),
(104,	4,	1,	13,	62,	1,	3);

-- 2025-07-07 14:28:04
